_id,MAE RF,MAE RL,MAE RN,MSE RF,MSE RL,MSE RN,Prediccion RF,Prediccion RL,Prediccion RN,R2 RF,R2 RL,R2 RN,medida
Tolueno,0.5331181979580027,0.6004260556190768,0.4491318036307431,0.8697454567598873,0.8585544070819231,0.6786524042653019,1.1372557983355378,1.1223291289832682,1.1010820865631104,0.5344752198050233,0.5404651458241754,0.6367563534032733,Tolueno
SO2,0.5685746060138425,0.65509943622254,0.5634052150311026,0.606765088486202,0.7701056863374188,0.5471264867942663,4.04184629376325,4.025776085306776,3.9634692668914795,0.516162139535449,0.38591343721062754,0.5637182926353483,SO2
"PM2,5",1.4948525568599353,1.7586658157936141,1.2945138265321285,4.680869723520553,5.718795687481784,3.4138582394737877,6.738557936967226,6.777564265860418,6.676159381866455,0.6449190695517237,0.5661841893289545,0.7410318954189659,"PM2,5"
PM10,3.0769675925925926,3.2630717826361084,2.7960496591932977,24.45087574146412,22.746883406624246,21.078831756454772,13.454663387345677,13.4453061838199,13.07185173034668,0.622253688541545,0.6485789959066177,0.6743490486783953,PM10
03 8h,9.628940731095678,10.46692998924812,7.950758467780219,171.53683181471987,196.77184794250394,113.21098123533874,64.27593016286374,63.99215852778604,61.684078216552734,0.4653665179396099,0.38671586082114506,0.6471522735671235,03 8h
NOX,3.0886574074074074,9.489867367783603,6.215912547376421,44.476781096281826,171.06361067504136,90.6094284008235,9.706076388888889,9.898238048909139,9.5873441696167,0.8535087831540951,0.43657531259752425,0.701563712638859,NOX
